craft_code,alias,script,language,source
ajrakh-block-printing,Ajrakh,Latn,ENGLISH,curator
ajrakh-block-printing,Ajarakh,Latn,ENGLISH,curator
ajrakh-block-printing,Ajrak,Latn,ENGLISH,search-log
ajrakh-block-printing,अजरख,Deva,HINDI,curator
ajrakh-block-printing,અજરખ,Gujr,GUJARATI,curator
bagru-block-printing,Bagru,Latn,ENGLISH,curator
bagru-block-printing,Dabu,Latn,ENGLISH,curator
bagru-block-printing,बगरू,Deva,HINDI,curator
block-printing,Block Print,Latn,ENGLISH,search-log
block-printing,हाथ की छपाई,Deva,HINDI,curator
handloom-weaving,Handloom,Latn,ENGLISH,search-log
handloom-weaving,हथकरघा,Deva,HINDI,curator
assam-muga-weaving,Muga,Latn,ENGLISH,curator
assam-muga-weaving,Muga Silk,Latn,ENGLISH,search-log
assam-muga-weaving,মুগা,Beng,ASSAMESE,curator
banarasi-brocade-weaving,Banarasi,Latn,ENGLISH,curator
banarasi-brocade-weaving,Benarasi,Latn,ENGLISH,search-log
banarasi-brocade-weaving,बनारसी,Deva,HINDI,curator
pashmina-weaving,Pashmina,Latn,ENGLISH,curator
pashmina-weaving,पश्मीना,Deva,HINDI,curator
blue-pottery,Jaipur Blue Pottery,Latn,ENGLISH,curator
blue-pottery,नीली मिट्टी के बर्तन,Deva,HINDI,curator
bandhani,Bandhani,Latn,ENGLISH,curator
bandhani,Bandhej,Latn,ENGLISH,search-log
bandhani,बांधणी,Deva,HINDI,curator
bandhani,બાંધણી,Gujr,GUJARATI,curator
madhubani-painting,Madhubani,Latn,ENGLISH,curator
madhubani-painting,Mithila Painting,Latn,ENGLISH,curator
madhubani-painting,मधुबनी,Deva,HINDI,curator
pattachitra,Pattachitra,Latn,ENGLISH,curator
pattachitra,Patachitra,Latn,ENGLISH,search-log
pattachitra,ପଟ୍ଟଚିତ୍ର,Orya,ODIA,curator
channapatna-toys,Channapatna Toys,Latn,ENGLISH,curator
channapatna-toys,ಚನ್ನಪಟ್ಟಣ ಗೊಂಬೆ,Knda,KANNADA,curator
dhokra-casting,Dhokra,Latn,ENGLISH,curator
dhokra-casting,Dokra,Latn,ENGLISH,search-log
dhokra-casting,ढोकरा,Deva,HINDI,curator
